alpha,beta
52.10526315789474,-33.15789473684211
42.63157894736841,-33.15789473684211
42.63157894736841,14.210526315789465
-33.15789473684211,14.210526315789465
